{
    "dataVersion": 1,
    "bodyType": 1,
    "skinColor": {
        "r": 1.0,
        "g": 0.7664300203323364,
        "b": 0.6397058963775635,
        "a": 1.0
    },
    "tintColor": {
        "r": 1.0,
        "g": 1.0,
        "b": 1.0,
        "a": 1.0
    },
    "slotData": [
        {
            "category": 0,
            "partName": "Fantasy 04 Female",
            "partPackage": "Fantasy",
            "color1": {
                "r": 0.08562517166137696,
                "g": 0.08385595679283142,
                "b": 0.24264705181121827,
                "a": 1.0
            },
            "color2": {
                "r": 0.08562517166137696,
                "g": 0.08385595679283142,
                "b": 0.24264703691005708,
                "a": 1.0
            },
            "color3": {
                "r": 0.686274528503418,
                "g": 0.686274528503418,
                "b": 0.686274528503418,
                "a": 1.0
            }
        },
        {
            "category": 1,
            "partName": "Fantasy 06",
            "partPackage": "Fantasy",
            "color1": {
                "r": 0.18811550736427308,
                "g": 0.18202297389507295,
                "b": 0.2640949487686157,
                "a": 1.0
            },
            "color2": {
                "r": 0.9632352590560913,
                "g": 0.6374350786209106,
                "b": 0.7789895534515381,
                "a": 1.0
            },
            "color3": {
                "r": 1.0,
                "g": 1.0,
                "b": 1.0,
                "a": 1.0
            }
        },
        {
            "category": 2,
            "partName": "00",
            "partPackage": "Base",
            "color1": {
                "r": 0.5,
                "g": 0.5,
                "b": 0.5,
                "a": 1.0
            },
            "color2": {
                "r": 0.5,
                "g": 0.5,
                "b": 0.5,
                "a": 1.0
            },
            "color3": {
                "r": 0.5,
                "g": 0.5,
                "b": 0.5,
                "a": 1.0
            }
        },
        {
            "category": 3,
            "partName": "02",
            "partPackage": "Base",
            "color1": {
                "r": 0.5147058963775635,
                "g": 0.37183067202568056,
                "b": 0.06433823704719544,
                "a": 1.0
            },
            "color2": {
                "r": 0.5147058963775635,
                "g": 0.37183067202568056,
                "b": 0.06433823704719544,
                "a": 1.0
            },
            "color3": {
                "r": 0.5147058963775635,
                "g": 0.37183067202568056,
                "b": 0.06433823704719544,
                "a": 1.0
            }
        },
        {
            "category": 4,
            "partName": "02",
            "partPackage": "Base",
            "color1": {
                "r": 0.1367863118648529,
                "g": 0.41950520873069765,
                "b": 0.8088235259056091,
                "a": 1.0
            },
            "color2": {
                "r": 0.1367863118648529,
                "g": 0.41950520873069765,
                "b": 0.8088235259056091,
                "a": 1.0
            },
            "color3": {
                "r": 0.1367863118648529,
                "g": 0.41950520873069765,
                "b": 0.8088235259056091,
                "a": 1.0
            }
        },
        {
            "category": 5,
            "partName": "",
            "partPackage": "",
            "color1": {
                "r": 0.3019607961177826,
                "g": 0.1921568661928177,
                "b": 0.1921568661928177,
                "a": 1.0
            },
            "color2": {
                "r": 0.3019607961177826,
                "g": 0.1921568661928177,
                "b": 0.1921568661928177,
                "a": 1.0
            },
            "color3": {
                "r": 0.3019607961177826,
                "g": 0.1921568661928177,
                "b": 0.1921568661928177,
                "a": 1.0
            }
        },
        {
            "category": 6,
            "partName": "",
            "partPackage": "",
            "color1": {
                "r": 0.5,
                "g": 0.5,
                "b": 0.5,
                "a": 1.0
            },
            "color2": {
                "r": 0.5,
                "g": 0.5,
                "b": 0.5,
                "a": 1.0
            },
            "color3": {
                "r": 0.5,
                "g": 0.5,
                "b": 0.5,
                "a": 1.0
            }
        },
        {
            "category": 7,
            "partName": "05",
            "partPackage": "Base",
            "color1": {
                "r": 0.8529411554336548,
                "g": 0.6539792418479919,
                "b": 0.22577854990959168,
                "a": 1.0
            },
            "color2": {
                "r": 0.8529411554336548,
                "g": 0.6539792418479919,
                "b": 0.22577854990959168,
                "a": 1.0
            },
            "color3": {
                "r": 0.8529411554336548,
                "g": 0.6539792418479919,
                "b": 0.22577854990959168,
                "a": 1.0
            }
        },
        {
            "category": 8,
            "partName": "Fantasy 09",
            "partPackage": "Fantasy",
            "color1": {
                "r": 0.08562517166137696,
                "g": 0.08385595679283142,
                "b": 0.24264703691005708,
                "a": 1.0
            },
            "color2": {
                "r": 0.9632352590560913,
                "g": 0.6374350786209106,
                "b": 0.7789895534515381,
                "a": 1.0
            },
            "color3": {
                "r": 1.0,
                "g": 1.0,
                "b": 1.0,
                "a": 1.0
            }
        },
        {
            "category": 9,
            "partName": "08",
            "partPackage": "Base",
            "color1": {
                "r": 1.0,
                "g": 0.7647058963775635,
                "b": 0.6392157077789307,
                "a": 1.0
            },
            "color2": {
                "r": 1.0,
                "g": 0.7647058963775635,
                "b": 0.6392157077789307,
                "a": 1.0
            },
            "color3": {
                "r": 1.0,
                "g": 0.7647058963775635,
                "b": 0.6392157077789307,
                "a": 1.0
            }
        },
        {
            "category": 10,
            "partName": "09",
            "partPackage": "Base",
            "color1": {
                "r": 0.5,
                "g": 0.5,
                "b": 0.5,
                "a": 1.0
            },
            "color2": {
                "r": 0.5,
                "g": 0.5,
                "b": 0.5,
                "a": 1.0
            },
            "color3": {
                "r": 0.5,
                "g": 0.5,
                "b": 0.5,
                "a": 1.0
            }
        },
        {
            "category": 11,
            "partName": "Fantasy 07 Female",
            "partPackage": "Fantasy",
            "color1": {
                "r": 0.0,
                "g": 0.3231198787689209,
                "b": 1.0,
                "a": 1.0
            },
            "color2": {
                "r": 0.5808823108673096,
                "g": 0.5808823108673096,
                "b": 0.5808823108673096,
                "a": 1.0
            },
            "color3": {
                "r": 0.7254902124404907,
                "g": 0.7254902124404907,
                "b": 0.7254902124404907,
                "a": 1.0
            }
        },
        {
            "category": 12,
            "partName": "Tattoo 03 Female",
            "partPackage": "Base",