{
    "dataVersion": 1,
    "bodyType": 0,
    "skinColor": {
        "r": 0.8897058963775635,
        "g": 0.6055594682693481,
        "b": 0.4513949155807495,
        "a": 1.0
    },
    "tintColor": {
        "r": 1.0,
        "g": 1.0,
        "b": 1.0,
        "a": 1.0
    },
    "slotData": [
        {
            "category": 0,
            "partName": "Fantasy Set 03 Male",
            "partPackage": "Fantasy",
            "color1": {
                "r": 0.1568627506494522,
                "g": 0.1568627506494522,
                "b": 0.1568627506494522,
                "a": 1.0
            },
            "color2": {
                "r": 0.1568627506494522,
                "g": 0.1568627506494522,
                "b": 0.1568627506494522,
                "a": 1.0
            },
            "color3": {
                "r": 0.8088235259056091,
                "g": 0.1534743458032608,
                "b": 0.11299741268157959,
                "a": 1.0
            }
        },
        {
            "category": 1,
            "partName": "Fantasy Set 04",
            "partPackage": "Fantasy",
            "color1": {
                "r": 0.1568627506494522,
                "g": 0.1568627506494522,
                "b": 0.1568627506494522,
                "a": 1.0
            },
            "color2": {
                "r": 0.8088235259056091,
                "g": 0.1534743458032608,
                "b": 0.11299741268157959,
                "a": 1.0
            },
            "color3": {
                "r": 0.8088235259056091,
                "g": 0.1534743458032608,
                "b": 0.11299741268157959,
                "a": 1.0
            }
        },
        {
            "category": 2,
            "partName": "00",
            "partPackage": "Base",
            "color1": {
                "r": 0.5,
                "g": 0.5,
                "b": 0.5,
                "a": 1.0
            },
            "color2": {
                "r": 0.5,
                "g": 0.5,
                "b": 0.5,
                "a": 1.0
            },
            "color3": {
                "r": 0.5,
                "g": 0.5,
                "b": 0.5,
                "a": 1.0
            }
        },
        {
            "category": 3,
            "partName": "04",
            "partPackage": "Base",
            "color1": {
                "r": 0.3019607961177826,
                "g": 0.1921568661928177,
                "b": 0.1921568661928177,
                "a": 1.0
            },
            "color2": {
                "r": 0.3019607961177826,
                "g": 0.1921568661928177,
                "b": 0.1921568661928177,
                "a": 1.0
            },
            "color3": {
                "r": 0.3019607961177826,
                "g": 0.1921568661928177,
                "b": 0.1921568661928177,
                "a": 1.0
            }
        },
        {
            "category": 4,
            "partName": "00",
            "partPackage": "Base",
            "color1": {
                "r": 0.29411762952804568,
                "g": 0.22807538509368897,
                "b": 0.17733563482761384,
                "a": 1.0
            },
            "color2": {
                "r": 0.29411762952804568,
                "g": 0.22807538509368897,
                "b": 0.17733563482761384,
                "a": 1.0
            },
            "color3": {
                "r": 0.29411762952804568,
                "g": 0.22807538509368897,
                "b": 0.17733563482761384,
                "a": 1.0
            }
        },
        {
            "category": 5,
            "partName": "01",
            "partPackage": "Base",
            "color1": {
                "r": 0.3019607961177826,
                "g": 0.1921568661928177,
                "b": 0.1921568661928177,
                "a": 1.0
            },
            "color2": {
                "r": 0.3019607961177826,
                "g": 0.1921568661928177,
                "b": 0.1921568661928177,
                "a": 1.0
            },
            "color3": {
                "r": 0.3019607961177826,
                "g": 0.1921568661928177,
                "b": 0.1921568661928177,
                "a": 1.0
            }
        },
        {
            "category": 6,
            "partName": "Fantasy Set 05",
            "partPackage": "Fantasy",
            "color1": {
                "r": 0.1568627506494522,
                "g": 0.1568627506494522,
                "b": 0.1568627506494522,
                "a": 1.0
            },
            "color2": {
                "r": 0.3333333432674408,
                "g": 0.3333333432674408,
                "b": 0.3333333432674408,
                "a": 1.0
            },
            "color3": {
                "r": 0.8088235259056091,
                "g": 0.1534743458032608,
                "b": 0.11299741268157959,
                "a": 1.0
            }
        },
        {
            "category": 7,
            "partName": "06",
            "partPackage": "Base",
            "color1": {
                "r": 0.3019607961177826,
                "g": 0.1921568661928177,
                "b": 0.1921568661928177,
                "a": 1.0
            },
            "color2": {
                "r": 0.3019607961177826,
                "g": 0.1921568661928177,
                "b": 0.1921568661928177,
                "a": 1.0
            },
            "color3": {
                "r": 0.3019607961177826,
                "g": 0.1921568661928177,
                "b": 0.1921568661928177,
                "a": 1.0
            }
        },
        {
            "category": 8,
            "partName": "Fantasy 19",
            "partPackage": "Fantasy",
            "color1": {
                "r": 0.5098039507865906,
                "g": 0.5098039507865906,
                "b": 0.5098039507865906,
                "a": 1.0
            },
            "color2": {
                "r": 0.3333333432674408,
                "g": 0.3333333432674408,
                "b": 0.3333333432674408,
                "a": 1.0
            },
            "color3": {
                "r": 0.8088235259056091,
                "g": 0.1534743458032608,
                "b": 0.11299741268157959,
                "a": 1.0
            }
        },
        {
            "category": 9,
            "partName": "08",
            "partPackage": "Base",
            "color1": {
                "r": 0.8382352590560913,
                "g": 0.5846248865127564,
                "b": 0.3205017149448395,
                "a": 1.0
            },
            "color2": {
                "r": 0.8382352590560913,
                "g": 0.5846248865127564,
                "b": 0.3205017149448395,
                "a": 1.0
            },
            "color3": {
                "r": 0.8382352590560913,
                "g": 0.5846248865127564,
                "b": 0.3205017149448395,
                "a": 1.0
            }
        },
        {
            "category": 10,
            "partName": "02",
            "partPackage": "Base",
            "color1": {
                "r": 0.5,
                "g": 0.5,
                "b": 0.5,
                "a": 1.0
            },
            "color2": {
                "r": 0.5,
                "g": 0.5,
                "b": 0.5,
                "a": 1.0
            },
            "color3": {
                "r": 0.5,
                "g": 0.5,
                "b": 0.5,
                "a": 1.0
            }
        },
        {
            "category": 11,
            "partName": "Fantasy Set 04 Male",
            "partPackage": "Fantasy",
            "color1": {
                "r": 0.1568627506494522,
                "g": 0.1568627506494522,
                "b": 0.1568627506494522,
                "a": 1.0
            },
            "color2": {
                "r": 0.1568627506494522,
                "g": 0.1568627506494522,
                "b": 0.1568627506494522,