{
    "dataVersion": 1,
    "bodyType": 0,
    "skinColor": {
        "r": 1.0,
        "g": 0.7647058963775635,
        "b": 0.6392157077789307,
        "a": 1.0
    },
    "tintColor": {
        "r": 1.0,
        "g": 1.0,
        "b": 1.0,
        "a": 1.0
    },
    "slotData": [
        {
            "category": 0,
            "partName": "Fantasy 08 Male",
            "partPackage": "Fantasy",
            "color1": {
                "r": 0.2528139054775238,
                "g": 0.24994593858718873,
                "b": 0.5073529481887817,
                "a": 1.0
            },
            "color2": {
                "r": 0.24264705181121827,
                "g": 0.08385595679283142,
                "b": 0.08385595679283142,
                "a": 1.0
            },
            "color3": {
                "r": 0.2528139054775238,
                "g": 0.24994593858718873,
                "b": 0.5073529481887817,
                "a": 1.0
            }
        },
        {
            "category": 1,
            "partName": "Fantasy Set 02",
            "partPackage": "Fantasy",
            "color1": {
                "r": 0.27450981736183169,
                "g": 0.24221454560756684,
                "b": 0.24221454560756684,
                "a": 1.0
            },
            "color2": {
                "r": 0.2528139054775238,
                "g": 0.24994593858718873,
                "b": 0.5073529481887817,
                "a": 1.0
            },
            "color3": {
                "r": 0.2867646813392639,
                "g": 0.18248768150806428,
                "b": 0.1475994735956192,
                "a": 1.0
            }
        },
        {
            "category": 2,
            "partName": "01",
            "partPackage": "Base",
            "color1": {
                "r": 0.5,
                "g": 0.5,
                "b": 0.5,
                "a": 1.0
            },
            "color2": {
                "r": 0.5,
                "g": 0.5,
                "b": 0.5,
                "a": 1.0
            },
            "color3": {
                "r": 0.5,
                "g": 0.5,
                "b": 0.5,
                "a": 1.0
            }
        },
        {
            "category": 3,
            "partName": "09",
            "partPackage": "Base",
            "color1": {
                "r": 0.5661764740943909,
                "g": 0.36021071672439577,
                "b": 0.14570719003677369,
                "a": 1.0
            },
            "color2": {
                "r": 0.5661764740943909,
                "g": 0.36021071672439577,
                "b": 0.14570719003677369,
                "a": 1.0
            },
            "color3": {
                "r": 0.5661764740943909,
                "g": 0.36021071672439577,
                "b": 0.14570719003677369,
                "a": 1.0
            }
        },
        {
            "category": 4,
            "partName": "08",
            "partPackage": "Base",
            "color1": {
                "r": 0.1367863118648529,
                "g": 0.41950520873069765,
                "b": 0.8088235259056091,
                "a": 1.0
            },
            "color2": {
                "r": 0.1367863118648529,
                "g": 0.41950520873069765,
                "b": 0.8088235259056091,
                "a": 1.0
            },
            "color3": {
                "r": 0.1367863118648529,
                "g": 0.41950520873069765,
                "b": 0.8088235259056091,
                "a": 1.0
            }
        },
        {
            "category": 5,
            "partName": "04",
            "partPackage": "Base",
            "color1": {
                "r": 0.5147058963775635,
                "g": 0.37183067202568056,
                "b": 0.06433823704719544,
                "a": 1.0
            },
            "color2": {
                "r": 0.5147058963775635,
                "g": 0.37183067202568056,
                "b": 0.06433823704719544,
                "a": 1.0
            },
            "color3": {
                "r": 0.5147058963775635,
                "g": 0.37183067202568056,
                "b": 0.06433823704719544,
                "a": 1.0
            }
        },
        {
            "category": 6,
            "partName": "",
            "partPackage": "",
            "color1": {
                "r": 0.5,
                "g": 0.5,
                "b": 0.5,
                "a": 1.0
            },
            "color2": {
                "r": 0.5,
                "g": 0.5,
                "b": 0.5,
                "a": 1.0
            },
            "color3": {
                "r": 0.5,
                "g": 0.5,
                "b": 0.5,
                "a": 1.0
            }
        },
        {
            "category": 7,
            "partName": "02",
            "partPackage": "Base",
            "color1": {
                "r": 0.5147058963775635,
                "g": 0.37183067202568056,
                "b": 0.06433823704719544,
                "a": 1.0
            },
            "color2": {
                "r": 0.5147058963775635,
                "g": 0.37183067202568056,
                "b": 0.06433823704719544,
                "a": 1.0
            },
            "color3": {
                "r": 0.5147058963775635,
                "g": 0.37183067202568056,
                "b": 0.06433823704719544,
                "a": 1.0
            }
        },
        {
            "category": 8,
            "partName": "",
            "partPackage": "",
            "color1": {
                "r": 0.5,
                "g": 0.5,
                "b": 0.5,
                "a": 1.0
            },
            "color2": {
                "r": 0.5,
                "g": 0.5,
                "b": 0.5,
                "a": 1.0
            },
            "color3": {
                "r": 0.5,
                "g": 0.5,
                "b": 0.5,
                "a": 1.0
            }
        },
        {
            "category": 9,
            "partName": "04",
            "partPackage": "Base",
            "color1": {
                "r": 0.8382352590560913,
                "g": 0.6779844164848328,
                "b": 0.7556548118591309,
                "a": 1.0
            },
            "color2": {
                "r": 0.8382352590560913,
                "g": 0.6779844164848328,
                "b": 0.7556548118591309,
                "a": 1.0
            },
            "color3": {
                "r": 0.8382352590560913,
                "g": 0.6779844164848328,
                "b": 0.7556548118591309,
                "a": 1.0
            }
        },
        {
            "category": 10,
            "partName": "00",
            "partPackage": "Base",
            "color1": {
                "r": 0.5,
                "g": 0.5,
                "b": 0.5,
                "a": 1.0
            },
            "color2": {
                "r": 0.5,
                "g": 0.5,
                "b": 0.5,
                "a": 1.0
            },
            "color3": {
                "r": 0.5,
                "g": 0.5,
                "b": 0.5,
                "a": 1.0
            }
        },
        {
            "category": 11,
            "partName": "Fantasy 02 Male",
            "partPackage": "Fantasy",
            "color1": {
                "r": 0.2528139054775238,
                "g": 0.24994593858718873,
                "b": 0.5073529481887817,
                "a": 1.0
            },
            "color2": {
                "r": 0.2867646813392639,
                "g": 0.18248768150806428,
                "b": 0.1475994735956192,
                "a": 1.0
            },
            "color3": {
                "r": 0.3602941036224365,
                "g": 0.22518381476402284,
                "b": 0.22518381476402284,
                "a": 1.0
            }
        },
        {
            "category": 12,
            "partName": "Tattoo 00",